name,visitors
Germany,582
United States,128
Spain,115
Colombia,42
China,31
United Kingdom,21
Anonymous VPN Service,18
Switzerland,12
France,10
Austria,9
Netherlands,6
Italy,5
Turkey,5
Serbia,4
United Arab Emirates,3
Belgium,3
Canada,3
Hong Kong,3
India,3
Poland,3
Romania,3
Brazil,2
Philippines,2
Ukraine,2
Armenia,1
Cyprus,1
Denmark,1
Estonia,1
Finland,1
Indonesia,1
Japan,1
South Korea,1
Lithuania,1
Luxembourg,1
Morocco,1
Montenegro,1
Norway,1
New Zealand,1
Russian Federation,1
Seychelles,1
Singapore,1
